{"id":"4b39ea3e-3d76-442f-a7ea-a913633b6a17","profileKey":51,"version":3,"name":"Profiling_etl_2019","orgId":"9kG3WceKeZni15NEDQeKed","description":null,"frsId":"askaR7dWTlmk6l7QIFuToH","frsProjectId":"0DhOP1bg4MMdNjOi4lcMCz","frsFolderId":"6fn8wJgPZCEckMvdX47Hoc","connectionId":"0XuuHWWOlYbhBjyDXbgG2Q","createdBy":"cxcMB3px4Inj3KA5ghlhaA","createdByName":"owaisaziz54@gmail.com","createTime":1730417036522,"updatedBy":"cxcMB3px4Inj3KA5ghlhaA","updatedByName":"owaisaziz54@gmail.com","updateTime":1730424644880,"lastRunKey":1,"isFilterEnabled":false,"runtimeOptions":{"id":"91d65b88-159f-4efe-9f4f-d9d581b1f537","scheduleId":null,"runtimeEnvironmentId":null,"defaultEmailNotification":true,"profileAdvProps":{"maxTopN":null,"maxPatterns":null,"maxPatternThresholdPercent":null,"maxRanks":null,"inferDateTime":true,"detectOutliers":true,"enableClaireAnomalyDetection":true,"maxColumnsPerMapping":null,"minNoOfRowsForSplitMapping":null,"maxMemory":null,"maxPercentMemory":null,"defaultBufferBlockSize":null,"dtmBufferSize":null,"lineSequentialBufferLength":null,"stopOnErrors":null,"tracingLevel":"NORMAL"}},"source":{"id":"14a126fb-cbec-4a6d-93f7-efa2d5d0e42b","name":"2019 Salesv1.csv","fields":[{"id":"f6c3b5ae-9446-4403-a27a-6157a16f743b","name":"Invoice_ID","dataType":"nstring","precision":255,"scale":0,"pcType":"UNISTRING","order":0,"isDeleted":false,"isMetadataUpdated":false},{"id":"8516a6bb-c003-40bd-b1af-ffe27690b0aa","name":"Quantity","dataType":"nstring","precision":255,"scale":0,"pcType":"UNISTRING","order":7,"isDeleted":false,"isMetadataUpdated":false},{"id":"e673ced1-aee8-4f70-8355-fbdb78210933","name":"gross_income","dataType":"nstring","precision":255,"scale":0,"pcType":"UNISTRING","order":14,"isDeleted":false,"isMetadataUpdated":false},{"id":"5d84d571-8913-4507-ace5-c1c869de6c25","name":"Branch","dataType":"nstring","precision":255,"scale":0,"pcType":"UNISTRING","order":1,"isDeleted":false,"isMetadataUpdated":false},{"id":"f774f972-65f9-436b-ad60-2131b0ab2ac0","name":"Payment","dataType":"nstring","precision":255,"scale":0,"pcType":"UNISTRING","order":11,"isDeleted":false,"isMetadataUpdated":false},{"id":"98b06a30-2930-4740-8206-2a55d8bffaa8","name":"City","dataType":"nstring","precision":255,"scale":0,"pcType":"UNISTRING","order":2,"isDeleted":false,"isMetadataUpdated":false},{"id":"f53268ea-356e-4f29-9d06-66ef5ac2016a","name":"Product_line","dataType":"nstring","precision":255,"scale":0,"pcType":"UNISTRING","order":5,"isDeleted":false,"isMetadataUpdated":false},{"id":"e7c97169-a167-44c5-b3b4-ee9bb35455c0","name":"Unit_price","dataType":"nstring","precision":255,"scale":0,"pcType":"UNISTRING","order":6,"isDeleted":false,"isMetadataUpdated":false},{"id":"22c0b572-f7a8-4bca-a2bc-01d0f15df89c","name":"Customer_type","dataType":"nstring","precision":255,"scale":0,"pcType":"UNISTRING","order":3,"isDeleted":false,"isMetadataUpdated":false},{"id":"9e1ee375-49d4-4cc9-b853-c2e8783b0cb5","name":"gross_margin_percentage","dataType":"nstring","precision":255,"scale":0,"pcType":"UNISTRING","order":13,"isDeleted":false,"isMetadataUpdated":false},{"id":"2215853b-7c96-401d-bfea-d6892eb03134","name":"Time","dataType":"nstring","precision":255,"scale":0,"pcType":"UNISTRING","order":10,"isDeleted":false,"isMetadataUpdated":false},{"id":"c9d9c4da-715a-407e-a607-16b40050f1db","name":"Gender","dataType":"nstring","precision":255,"scale":0,"pcType":"UNISTRING","order":4,"isDeleted":false,"isMetadataUpdated":false},{"id":"5bb55fe1-2211-4f45-a18c-77096e68ecc7","name":"Tax_5_","dataType":"nstring","precision":255,"scale":0,"pcType":"UNISTRING","order":8,"isDeleted":false,"isMetadataUpdated":false},{"id":"c63fbb58-5865-4a07-bf3f-cdfad2a22e28","name":"Total","dataType":"nstring","precision":255,"scale":0,"pcType":"UNISTRING","order":9,"isDeleted":false,"isMetadataUpdated":false},{"id":"d5ef3326-1a00-4ff2-b9a0-c958838be6b3","name":"cog_","dataType":"nstring","precision":255,"scale":0,"pcType":"UNISTRING","order":12,"isDeleted":false,"isMetadataUpdated":false},{"id":"4f1f716e-c3b9-4401-af88-fbe8b8a5f93c","name":"Rating","dataType":"nstring","precision":255,"scale":0,"pcType":"UNISTRING","order":15,"isDeleted":false,"isMetadataUpdated":false}],"dataSourceType":"DELIMITED","instanceType":"FlatFile","connectionType":"FlatFile","properties":{"dataSourceType":"DELIMITED","delimiter":",","textQualifier":"\"","escapeCharacter":"","sourceFileName":"2019 Salesv1.csv","firstDataRow":2,"headerLineNo":1},"sourceType":"DATASOURCE"},"profileableFields":[{"id":"4d96388f-ec84-41aa-b19c-4ee9fd34a324","isDeleted":false,"appliedBy":"USER","columnKey":10003,"sourceName":"2019 Salesv1.csv","fieldName":"City","fieldType":"DATASOURCEFIELD"},{"id":"fcd226c3-1c58-4c10-97b0-403e384b39c4","isDeleted":false,"appliedBy":"USER","columnKey":10010,"sourceName":"2019 Salesv1.csv","fieldName":"Invoice_ID","fieldType":"DATASOURCEFIELD"},{"id":"3fe084e5-4197-4e47-8b3f-4a513bf47582","isDeleted":false,"appliedBy":"USER","columnKey":10016,"sourceName":"2019 Salesv1.csv","fieldName":"Gender","fieldType":"DATASOURCEFIELD"},{"id":"bda07bd3-895e-4cd9-82ba-4a7ca275abbb","isDeleted":false,"appliedBy":"USER","columnKey":10005,"sourceName":"2019 Salesv1.csv","fieldName":"Unit_price","fieldType":"DATASOURCEFIELD"},{"id":"311d6540-37a6-42a1-bc6b-76fbf2ffa909","isDeleted":false,"appliedBy":"USER","columnKey":10014,"sourceName":"2019 Salesv1.csv","fieldName":"gross_income","fieldType":"DATASOURCEFIELD"},{"id":"fb7e550c-6067-406d-aa69-65768268641e","isDeleted":false,"appliedBy":"USER","columnKey":10011,"sourceName":"2019 Salesv1.csv","fieldName":"Time","fieldType":"DATASOURCEFIELD"},{"id":"86e949fc-43fa-416c-979b-a944bbb0af3a","isDeleted":false,"appliedBy":"USER","columnKey":10012,"sourceName":"2019 Salesv1.csv","fieldName":"Branch","fieldType":"DATASOURCEFIELD"},{"id":"3b2533e8-e88b-442c-8209-a742ee545420","isDeleted":false,"appliedBy":"USER","columnKey":10015,"sourceName":"2019 Salesv1.csv","fieldName":"Payment","fieldType":"DATASOURCEFIELD"},{"id":"5e97b020-a06a-4276-99c7-47838169fa77","isDeleted":false,"appliedBy":"USER","columnKey":10008,"sourceName":"2019 Salesv1.csv","fieldName":"Product_line","fieldType":"DATASOURCEFIELD"},{"id":"16a4f977-4a28-412f-b1a9-2bb2e4e77e00","isDeleted":false,"appliedBy":"USER","columnKey":10006,"sourceName":"2019 Salesv1.csv","fieldName":"Rating","fieldType":"DATASOURCEFIELD"},{"id":"f694e720-0475-48c8-82bd-56e036edb1d0","isDeleted":false,"appliedBy":"USER","columnKey":10013,"sourceName":"2019 Salesv1.csv","fieldName":"Customer_type","fieldType":"DATASOURCEFIELD"},{"id":"749e1021-e000-4c9e-9905-0d8d040671ed","isDeleted":false,"appliedBy":"USER","columnKey":10001,"sourceName":"2019 Salesv1.csv","fieldName":"Quantity","fieldType":"DATASOURCEFIELD"},{"id":"25062fbf-031e-41bb-b684-6af98881196a","isDeleted":false,"appliedBy":"USER","columnKey":10009,"sourceName":"2019 Salesv1.csv","fieldName":"Tax_5_","fieldType":"DATASOURCEFIELD"},{"id":"6442fd9e-6296-4620-a9bd-d764914bed28","isDeleted":false,"appliedBy":"USER","columnKey":10004,"sourceName":"2019 Salesv1.csv","fieldName":"cog_","fieldType":"DATASOURCEFIELD"},{"id":"618e8885-92ef-4aba-9cc6-c534b2a42624","isDeleted":false,"appliedBy":"USER","columnKey":10002,"sourceName":"2019 Salesv1.csv","fieldName":"gross_margin_percentage","fieldType":"DATASOURCEFIELD"},{"id":"a484018c-6b24-4cd1-bd21-1e121ac074a9","isDeleted":false,"appliedBy":"USER","columnKey":10007,"sourceName":"2019 Salesv1.csv","fieldName":"Total","fieldType":"DATASOURCEFIELD"}],"samplingOptions":{"id":null,"rows":-1,"samplingType":"ALL_ROWS"},"drillDownType":"ON","profileType":"COLUMN_PROFILE"}