{"id":"a64ccfc2-d7b5-4043-b22e-31c45279333d","profileKey":3,"version":2,"name":"Profiling_etl_2020","orgId":"9kG3WceKeZni15NEDQeKed","description":null,"frsId":"1buoIjop9Hod0LLsM7yUQf","frsProjectId":"0DhOP1bg4MMdNjOi4lcMCz","frsFolderId":"6fn8wJgPZCEckMvdX47Hoc","connectionId":"0XuuHWWOlYbhBjyDXbgG2Q","createdBy":"cxcMB3px4Inj3KA5ghlhaA","createdByName":"owaisaziz54@gmail.com","createTime":1730418036308,"updatedBy":"cxcMB3px4Inj3KA5ghlhaA","updatedByName":"owaisaziz54@gmail.com","updateTime":1730424647325,"lastRunKey":1,"isFilterEnabled":false,"runtimeOptions":{"id":"3cb296f7-a6f5-43c3-a3a3-be53aaaa4b8c","scheduleId":null,"runtimeEnvironmentId":null,"defaultEmailNotification":true,"profileAdvProps":{"maxTopN":null,"maxPatterns":null,"maxPatternThresholdPercent":null,"maxRanks":null,"inferDateTime":true,"detectOutliers":true,"enableClaireAnomalyDetection":true,"maxColumnsPerMapping":null,"minNoOfRowsForSplitMapping":null,"maxMemory":null,"maxPercentMemory":null,"defaultBufferBlockSize":null,"dtmBufferSize":null,"lineSequentialBufferLength":null,"stopOnErrors":null,"tracingLevel":"NORMAL"}},"source":{"id":"e7e97871-5068-43dd-90f4-bbc8036cd7b6","name":"2020 Sales.csv","fields":[{"id":"9eaa919e-81dc-4fe3-9950-d42c23672192","name":"Month","dataType":"nstring","precision":255,"scale":0,"pcType":"UNISTRING","order":17,"isDeleted":false,"isMetadataUpdated":false},{"id":"f99a1dd0-91f6-43dd-aba3-1a60206133cb","name":"Quantity","dataType":"nstring","precision":255,"scale":0,"pcType":"UNISTRING","order":7,"isDeleted":false,"isMetadataUpdated":false},{"id":"b247ea2c-cb9b-4883-a917-a7a6f907a959","name":"Total","dataType":"nstring","precision":255,"scale":0,"pcType":"UNISTRING","order":9,"isDeleted":false,"isMetadataUpdated":false},{"id":"97e85b56-25ab-4f3e-be88-d5a64fcf99ca","name":"cog_","dataType":"nstring","precision":255,"scale":0,"pcType":"UNISTRING","order":12,"isDeleted":false,"isMetadataUpdated":false},{"id":"3bbc11e7-acec-495c-81b0-7b21af578b74","name":"Year","dataType":"nstring","precision":255,"scale":0,"pcType":"UNISTRING","order":18,"isDeleted":false,"isMetadataUpdated":false},{"id":"d8e5e6bb-01de-43d0-ab63-53922e94498f","name":"Payment","dataType":"nstring","precision":255,"scale":0,"pcType":"UNISTRING","order":11,"isDeleted":false,"isMetadataUpdated":false},{"id":"b38193b1-d6c3-4b07-a0a4-a49b4185001c","name":"Rating","dataType":"nstring","precision":255,"scale":0,"pcType":"UNISTRING","order":15,"isDeleted":false,"isMetadataUpdated":false},{"id":"821c87e9-58c8-4e9d-8a9d-9e82d8e9a5d8","name":"Gender","dataType":"nstring","precision":255,"scale":0,"pcType":"UNISTRING","order":4,"isDeleted":false,"isMetadataUpdated":false},{"id":"8a997852-e0dd-487e-a51d-c9619b4271e6","name":"gross_margin_percentage","dataType":"nstring","precision":255,"scale":0,"pcType":"UNISTRING","order":13,"isDeleted":false,"isMetadataUpdated":false},{"id":"6c20812f-7923-46b2-8cca-5eeb30f9a424","name":"Time","dataType":"nstring","precision":255,"scale":0,"pcType":"UNISTRING","order":10,"isDeleted":false,"isMetadataUpdated":false},{"id":"cce7cdc6-624f-4e4a-bd56-3a1cfed4e026","name":"Product_line","dataType":"nstring","precision":255,"scale":0,"pcType":"UNISTRING","order":5,"isDeleted":false,"isMetadataUpdated":false},{"id":"f858afdc-3e32-4671-81b6-72218753dfb2","name":"City","dataType":"nstring","precision":255,"scale":0,"pcType":"UNISTRING","order":2,"isDeleted":false,"isMetadataUpdated":false},{"id":"93f2ad3a-52fd-445d-8112-93bf4cb5047e","name":"Unit_price","dataType":"nstring","precision":255,"scale":0,"pcType":"UNISTRING","order":6,"isDeleted":false,"isMetadataUpdated":false},{"id":"53f7a985-d5af-4921-8db8-05c6cf1af44a","name":"gross_income","dataType":"nstring","precision":255,"scale":0,"pcType":"UNISTRING","order":14,"isDeleted":false,"isMetadataUpdated":false},{"id":"13f10c26-64f3-43dd-b91d-382312163fc1","name":"Tax_5_","dataType":"nstring","precision":255,"scale":0,"pcType":"UNISTRING","order":8,"isDeleted":false,"isMetadataUpdated":false},{"id":"e1440eb1-ff08-4dd3-b1a8-4fe197c6595e","name":"Customer_type","dataType":"nstring","precision":255,"scale":0,"pcType":"UNISTRING","order":3,"isDeleted":false,"isMetadataUpdated":false},{"id":"e2d8a353-47d9-47e4-80f2-ab6ed281baf2","name":"Day","dataType":"nstring","precision":255,"scale":0,"pcType":"UNISTRING","order":16,"isDeleted":false,"isMetadataUpdated":false},{"id":"3b7ae7a3-f52c-4b71-ac49-f636dce2dc37","name":"Invoice_ID","dataType":"nstring","precision":255,"scale":0,"pcType":"UNISTRING","order":0,"isDeleted":false,"isMetadataUpdated":false},{"id":"e1ec52e7-e8bc-4530-a32b-dcdba925c081","name":"Branch","dataType":"nstring","precision":255,"scale":0,"pcType":"UNISTRING","order":1,"isDeleted":false,"isMetadataUpdated":false}],"dataSourceType":"DELIMITED","instanceType":"FlatFile","connectionType":"FlatFile","properties":{"dataSourceType":"DELIMITED","delimiter":",","textQualifier":"\"","escapeCharacter":"","sourceFileName":"2020 Sales.csv","firstDataRow":2,"headerLineNo":1},"sourceType":"DATASOURCE"},"profileableFields":[{"id":"25ac71dc-44aa-4343-8175-5f8250c03378","isDeleted":false,"appliedBy":"USER","columnKey":10010,"sourceName":"2020 Sales.csv","fieldName":"Tax_5_","fieldType":"DATASOURCEFIELD"},{"id":"d211054a-fea8-4c0f-b653-056c8d99ee85","isDeleted":false,"appliedBy":"USER","columnKey":10011,"sourceName":"2020 Sales.csv","fieldName":"Year","fieldType":"DATASOURCEFIELD"},{"id":"f11adb8f-c1f8-478f-8516-62ec081b2a09","isDeleted":false,"appliedBy":"USER","columnKey":10014,"sourceName":"2020 Sales.csv","fieldName":"Branch","fieldType":"DATASOURCEFIELD"},{"id":"97b80ad9-8d0b-40b7-ad5f-3e14bd19ebfa","isDeleted":false,"appliedBy":"USER","columnKey":10003,"sourceName":"2020 Sales.csv","fieldName":"gross_margin_percentage","fieldType":"DATASOURCEFIELD"},{"id":"09a333eb-36ad-4bcc-a971-c7835cf376f6","isDeleted":false,"appliedBy":"USER","columnKey":10002,"sourceName":"2020 Sales.csv","fieldName":"Unit_price","fieldType":"DATASOURCEFIELD"},{"id":"7e37d3f5-4e3b-44b6-a65b-de466ffcb0fb","isDeleted":false,"appliedBy":"USER","columnKey":10012,"sourceName":"2020 Sales.csv","fieldName":"Total","fieldType":"DATASOURCEFIELD"},{"id":"83c85d9c-5a66-46d3-8be2-2666b7de87ca","isDeleted":false,"appliedBy":"USER","columnKey":10004,"sourceName":"2020 Sales.csv","fieldName":"Quantity","fieldType":"DATASOURCEFIELD"},{"id":"fa3fcf55-183c-4be9-be0a-0b8552a1b953","isDeleted":false,"appliedBy":"USER","columnKey":10018,"sourceName":"2020 Sales.csv","fieldName":"Invoice_ID","fieldType":"DATASOURCEFIELD"},{"id":"090ec177-1ad6-4b3b-9b9e-fa73e4f8af24","isDeleted":false,"appliedBy":"USER","columnKey":10016,"sourceName":"2020 Sales.csv","fieldName":"gross_income","fieldType":"DATASOURCEFIELD"},{"id":"d58d2500-1507-400c-ad25-1f54be55bb73","isDeleted":false,"appliedBy":"USER","columnKey":10009,"sourceName":"2020 Sales.csv","fieldName":"City","fieldType":"DATASOURCEFIELD"},{"id":"09df8a9c-b988-4bef-a92b-3e5f8d762a36","isDeleted":false,"appliedBy":"USER","columnKey":10005,"sourceName":"2020 Sales.csv","fieldName":"Time","fieldType":"DATASOURCEFIELD"},{"id":"d061bd9f-bb24-4ceb-b1ff-6a9c91ade637","isDeleted":false,"appliedBy":"USER","columnKey":10015,"sourceName":"2020 Sales.csv","fieldName":"Rating","fieldType":"DATASOURCEFIELD"},{"id":"1f58ba9d-6eca-4a2c-8133-f9c718ea4d79","isDeleted":false,"appliedBy":"USER","columnKey":10006,"sourceName":"2020 Sales.csv","fieldName":"Gender","fieldType":"DATASOURCEFIELD"},{"id":"5ab40287-2efd-4f90-be42-c86eb3c4b167","isDeleted":false,"appliedBy":"USER","columnKey":10001,"sourceName":"2020 Sales.csv","fieldName":"Customer_type","fieldType":"DATASOURCEFIELD"},{"id":"09dc7aa7-0c77-423f-8208-9dc9d3c9b1f8","isDeleted":false,"appliedBy":"USER","columnKey":10013,"sourceName":"2020 Sales.csv","fieldName":"Month","fieldType":"DATASOURCEFIELD"},{"id":"578f6b44-09b4-41ca-9d55-eb4dbe8a7d8f","isDeleted":false,"appliedBy":"USER","columnKey":10008,"sourceName":"2020 Sales.csv","fieldName":"Payment","fieldType":"DATASOURCEFIELD"},{"id":"8204b078-a729-447f-89a0-f427ed2f1b0b","isDeleted":false,"appliedBy":"USER","columnKey":10007,"sourceName":"2020 Sales.csv","fieldName":"Product_line","fieldType":"DATASOURCEFIELD"},{"id":"e97d6bfd-7ba8-472e-bee1-5ac743aa4d8e","isDeleted":false,"appliedBy":"USER","columnKey":10019,"sourceName":"2020 Sales.csv","fieldName":"cog_","fieldType":"DATASOURCEFIELD"},{"id":"f9d5c4f1-7df7-4278-a176-f984921d699c","isDeleted":false,"appliedBy":"USER","columnKey":10017,"sourceName":"2020 Sales.csv","fieldName":"Day","fieldType":"DATASOURCEFIELD"}],"samplingOptions":{"id":null,"rows":-1,"samplingType":"ALL_ROWS"},"drillDownType":"ON","profileType":"COLUMN_PROFILE"}