objectPath,objectName,objectType,id
/Explore/Retail Org Data Migration/ELT,bkp_retail_2020,MTT,1XpUW5GuQZFemLOB6DIeoy
/Explore/Retail Org Data Migration/ELT,m_bkp_2020,DTEMPLATE,1TaOBK2MAqxiQIMCbLeos5
/Explore/Retail Org Data Migration/ETL,Profiling_etl_2019,PROFILE,askaR7dWTlmk6l7QIFuToH
/SYS,Macbook,AgentGroup,1eQD6ysVcmfg7tCKPuh9Kv
/Explore/Retail Org Data Migration/ELT,m_backup_mapping_2019,DTEMPLATE,8BtbcZO0X6xgyrsFLE0LaZ
/Explore/Retail Org Data Migration/ETL,bkp_etl_2019,DTEMPLATE,5NCCGNJ7zWUh2EsdNxOHix
/Explore/Retail Org Data Migration/ETL,Transformation_retail_2019_mapping,MTT,bV1SqMKd4cSlc4q0RsS0AB
/Explore/Retail Org Data Migration/ETL,2020_retail_etl,MTT,7ptP2tmupz0lGvetLTcBW0
/Explore/Retail Org Data Migration/ETL,Profiling_etl_2020,PROFILE,1buoIjop9Hod0LLsM7yUQf
/Explore/Retail Org Data Migration/ELT,Taskflow_Retail_Project_ELT,TASKFLOW,je9kF9XkIcej7Q4zmsmvC0
/Explore/Retail Org Data Migration/ELT,Retail_backup_2019,MTT,2NkyuoZqikSg7VDL30qh6V
/Explore/Retail Org Data Migration,ETL,Folder,6fn8wJgPZCEckMvdX47Hoc
/Explore/Retail Org Data Migration/ETL,prod_mapping_2019,DTEMPLATE,6vLYqzlOLMIeLFNKeXfb6r
/Explore/Retail Org Data Migration/ETL,bkp_etl_2020,DTEMPLATE,89E8KohmSaQfoQuDAZumA8
/Explore/Retail Org Data Migration/ETL,Tgt_transformation_etl_mapping,DTEMPLATE,0LlyW6GeKEMcsXzPPSgVka
/SYS,src,Connection,0XuuHWWOlYbhBjyDXbgG2Q
/Explore,Retail Org Data Migration,Project,0DhOP1bg4MMdNjOi4lcMCz
/SYS,Snowfake_Connection,Connection,5TiPFVyKLwajt4lfipe5kB
/Explore/Retail Org Data Migration/ETL,2019_retail_etl,MTT,8d2y19KDCTUft63SjcLPOA
/Explore/Retail Org Data Migration,ELT,Folder,4lgYGBYFbJWgbF4E1XNocw