{
  "name" : "Retail Org Data Migration-1730424802998",
  "sourceOrgId" : "9kG3WceKeZni15NEDQeKed",
  "sourceOrgName" : "owais - DE",
  "exportedObjects" : [ {
    "objectGuid" : "1XpUW5GuQZFemLOB6DIeoy",
    "objectName" : "bkp_retail_2020",
    "objectType" : "MTT",
    "path" : "/Explore/Retail Org Data Migration/ELT",
    "metadata" : {
      "modelVersion" : {
        "major" : 0,
        "minor" : 0
      },
      "repoInfo" : {
        "repoHandle" : "012R7Z0Z000000000007"
      },
      "objectRefs" : [ "1eQD6ysVcmfg7tCKPuh9Kv", "1TaOBK2MAqxiQIMCbLeos5", "0XuuHWWOlYbhBjyDXbgG2Q", "5TiPFVyKLwajt4lfipe5kB" ],
      "contextAttributes" : [ {
        "name" : "id",
        "value" : "@1"
      } ],
      "additionalInfo" : {
        "description" : null,
        "contentType" : "JSON",
        "documentState" : "VALID"
      }
    }
  }, {
    "objectGuid" : "1TaOBK2MAqxiQIMCbLeos5",
    "objectName" : "m_bkp_2020",
    "objectType" : "DTEMPLATE",
    "path" : "/Explore/Retail Org Data Migration/ELT",
    "metadata" : {
      "modelVersion" : {
        "major" : 0,
        "minor" : 0
      },
      "repoInfo" : {
        "repoHandle" : "012R7Z1700000000000B"
      },
      "objectRefs" : [ "0XuuHWWOlYbhBjyDXbgG2Q", "5TiPFVyKLwajt4lfipe5kB" ],
      "contextAttributes" : [ {
        "name" : "id",
        "value" : "@1"
      } ],
      "additionalInfo" : {
        "description" : "",
        "contentType" : "JSON",
        "documentState" : "VALID"
      }
    }
  }, {
    "objectGuid" : "askaR7dWTlmk6l7QIFuToH",
    "objectName" : "Profiling_etl_2019",
    "objectType" : "PROFILE",
    "path" : "/Explore/Retail Org Data Migration/ETL",
    "metadata" : {
      "modelVersion" : {
        "major" : 1,
        "minor" : 0
      },
      "repoInfo" : {
        "repoHandle" : "4b39ea3e-3d76-442f-a7ea-a913633b6a17"
      },
      "objectRefs" : [ "0XuuHWWOlYbhBjyDXbgG2Q" ],
      "contextAttributes" : [ ],
      "additionalInfo" : {
        "description" : null,
        "contentType" : "json",
        "documentState" : "VALID"
      }
    }
  }, {
    "objectGuid" : "1eQD6ysVcmfg7tCKPuh9Kv",
    "objectName" : "Macbook",
    "objectType" : "AgentGroup",
    "path" : "/SYS",
    "metadata" : {
      "modelVersion" : {
        "major" : 0,
        "minor" : 0
      },
      "repoInfo" : {
        "repoHandle" : "012R7Z25000000000003"
      },
      "objectRefs" : [ ],
      "contextAttributes" : [ {
        "name" : "id",
        "value" : "@1"
      } ],
      "additionalInfo" : {
        "description" : null,
        "contentType" : "JSON",
        "documentState" : "VALID"
      }
    }
  }, {
    "objectGuid" : "8BtbcZO0X6xgyrsFLE0LaZ",
    "objectName" : "m_backup_mapping_2019",
    "objectType" : "DTEMPLATE",
    "path" : "/Explore/Retail Org Data Migration/ELT",
    "metadata" : {
      "modelVersion" : {
        "major" : 0,
        "minor" : 0
      },
      "repoInfo" : {
        "repoHandle" : "012R7Z1700000000000A"
      },
      "objectRefs" : [ "0XuuHWWOlYbhBjyDXbgG2Q", "5TiPFVyKLwajt4lfipe5kB" ],
      "contextAttributes" : [ {
        "name" : "id",
        "value" : "@1"
      } ],
      "additionalInfo" : {
        "description" : "",
        "contentType" : "JSON",
        "documentState" : "VALID"
      }
    }
  }, {
    "objectGuid" : "5NCCGNJ7zWUh2EsdNxOHix",
    "objectName" : "bkp_etl_2019",
    "objectType" : "DTEMPLATE",
    "path" : "/Explore/Retail Org Data Migration/ETL",
    "metadata" : {
      "modelVersion" : {
        "major" : 0,
        "minor" : 0
      },
      "repoInfo" : {
        "repoHandle" : "012R7Z1700000000000C"
      },
      "objectRefs" : [ "0XuuHWWOlYbhBjyDXbgG2Q", "5TiPFVyKLwajt4lfipe5kB" ],
      "contextAttributes" : [ {
        "name" : "id",
        "value" : "@1"
      } ],
      "additionalInfo" : {
        "description" : "",
        "contentType" : "JSON",
        "documentState" : "VALID"
      }
    }
  }, {
    "objectGuid" : "bV1SqMKd4cSlc4q0RsS0AB",
    "objectName" : "Transformation_retail_2019_mapping",
    "objectType" : "MTT",
    "path" : "/Explore/Retail Org Data Migration/ETL",
    "metadata" : {
      "modelVersion" : {
        "major" : 0,
        "minor" : 0
      },
      "repoInfo" : {
        "repoHandle" : "012R7Z0Z00000000000D"
      },
      "objectRefs" : [ "1eQD6ysVcmfg7tCKPuh9Kv", "0LlyW6GeKEMcsXzPPSgVka", "0XuuHWWOlYbhBjyDXbgG2Q", "5TiPFVyKLwajt4lfipe5kB" ],
      "contextAttributes" : [ {
        "name" : "id",
        "value" : "@1"
      } ],
      "additionalInfo" : {
        "description" : null,
        "contentType" : "JSON",
        "documentState" : "VALID"
      }
    }
  }, {
    "objectGuid" : "7ptP2tmupz0lGvetLTcBW0",
    "objectName" : "2020_retail_etl",
    "objectType" : "MTT",
    "path" : "/Explore/Retail Org Data Migration/ETL",
    "metadata" : {
      "modelVersion" : {
        "major" : 0,
        "minor" : 0
      },
      "repoInfo" : {
        "repoHandle" : "012R7Z0Z00000000000B"
      },
      "objectRefs" : [ "1eQD6ysVcmfg7tCKPuh9Kv", "89E8KohmSaQfoQuDAZumA8", "0XuuHWWOlYbhBjyDXbgG2Q", "5TiPFVyKLwajt4lfipe5kB" ],
      "contextAttributes" : [ {
        "name" : "id",
        "value" : "@1"
      } ],
      "additionalInfo" : {
        "description" : null,
        "contentType" : "JSON",
        "documentState" : "VALID"
      }
    }
  }, {
    "objectGuid" : "1buoIjop9Hod0LLsM7yUQf",
    "objectName" : "Profiling_etl_2020",
    "objectType" : "PROFILE",
    "path" : "/Explore/Retail Org Data Migration/ETL",
    "metadata" : {
      "modelVersion" : {
        "major" : 1,
        "minor" : 0
      },
      "repoInfo" : {
        "repoHandle" : "a64ccfc2-d7b5-4043-b22e-31c45279333d"
      },
      "objectRefs" : [ "0XuuHWWOlYbhBjyDXbgG2Q" ],
      "contextAttributes" : [ ],
      "additionalInfo" : {
        "description" : null,
        "contentType" : "json",
        "documentState" : "VALID"
      }
    }
  }, {
    "objectGuid" : "je9kF9XkIcej7Q4zmsmvC0",
    "objectName" : "Taskflow_Retail_Project_ELT",
    "objectType" : "TASKFLOW",
    "path" : "/Explore/Retail Org Data Migration/ELT",
    "metadata" : {
      "modelVersion" : {
        "major" : 1,
        "minor" : 0
      },
      "repoInfo" : {
        "repoHandle" : "xbdypKwKBqRi92q-gt-8381883-2024-10-31T23:05:56.374Z::tf.xml"
      },
      "objectRefs" : [ "1XpUW5GuQZFemLOB6DIeoy", "2NkyuoZqikSg7VDL30qh6V" ],
      "contextAttributes" : null,
      "additionalInfo" : {
        "description" : "",
        "contentType" : "application/json; charset=utf-8",
        "documentState" : "VALID"
      }
    }
  }, {
    "objectGuid" : "2NkyuoZqikSg7VDL30qh6V",
    "objectName" : "Retail_backup_2019",
    "objectType" : "MTT",
    "path" : "/Explore/Retail Org Data Migration/ELT",
    "metadata" : {
      "modelVersion" : {
        "major" : 0,
        "minor" : 0
      },
      "repoInfo" : {
        "repoHandle" : "012R7Z0Z000000000005"
      },
      "objectRefs" : [ "1eQD6ysVcmfg7tCKPuh9Kv", "8BtbcZO0X6xgyrsFLE0LaZ", "0XuuHWWOlYbhBjyDXbgG2Q", "5TiPFVyKLwajt4lfipe5kB" ],
      "contextAttributes" : [ {
        "name" : "id",
        "value" : "@1"
      } ],
      "additionalInfo" : {
        "description" : null,
        "contentType" : "JSON",
        "documentState" : "VALID"
      }
    }
  }, {
    "objectGuid" : "6fn8wJgPZCEckMvdX47Hoc",
    "objectName" : "ETL",
    "objectType" : "Folder",
    "path" : "/Explore/Retail Org Data Migration",
    "metadata" : {
      "modelVersion" : {
        "major" : 0,
        "minor" : 0
      },
      "repoInfo" : null,
      "objectRefs" : [ ],
      "contextAttributes" : [ ],
      "additionalInfo" : {
        "description" : "",
        "contentType" : "Binary",
        "documentState" : "COMPLETE"
      }
    }
  }, {
    "objectGuid" : "6vLYqzlOLMIeLFNKeXfb6r",
    "objectName" : "prod_mapping_2019",
    "objectType" : "DTEMPLATE",
    "path" : "/Explore/Retail Org Data Migration/ETL",
    "metadata" : {
      "modelVersion" : {
        "major" : 0,
        "minor" : 0
      },
      "repoInfo" : {
        "repoHandle" : "012R7Z1700000000000E"
      },
      "objectRefs" : [ "5TiPFVyKLwajt4lfipe5kB" ],
      "contextAttributes" : [ {
        "name" : "id",
        "value" : "@1"
      } ],
      "additionalInfo" : {
        "description" : "",
        "contentType" : "JSON",
        "documentState" : "VALID"
      }
    }
  }, {
    "objectGuid" : "89E8KohmSaQfoQuDAZumA8",
    "objectName" : "bkp_etl_2020",
    "objectType" : "DTEMPLATE",
    "path" : "/Explore/Retail Org Data Migration/ETL",
    "metadata" : {
      "modelVersion" : {
        "major" : 0,
        "minor" : 0
      },
      "repoInfo" : {
        "repoHandle" : "012R7Z1700000000000D"
      },
      "objectRefs" : [ "0XuuHWWOlYbhBjyDXbgG2Q", "5TiPFVyKLwajt4lfipe5kB" ],
      "contextAttributes" : [ {
        "name" : "id",
        "value" : "@1"
      } ],
      "additionalInfo" : {
        "description" : "",
        "contentType" : "JSON",
        "documentState" : "VALID"
      }
    }
  }, {
    "objectGuid" : "0LlyW6GeKEMcsXzPPSgVka",
    "objectName" : "Tgt_transformation_etl_mapping",
    "objectType" : "DTEMPLATE",
    "path" : "/Explore/Retail Org Data Migration/ETL",
    "metadata" : {
      "modelVersion" : {
        "major" : 0,
        "minor" : 0
      },
      "repoInfo" : {
        "repoHandle" : "012R7Z1700000000000F"
      },
      "objectRefs" : [ "0XuuHWWOlYbhBjyDXbgG2Q", "5TiPFVyKLwajt4lfipe5kB" ],
      "contextAttributes" : [ {
        "name" : "id",
        "value" : "@1"
      } ],
      "additionalInfo" : {
        "description" : "",
        "contentType" : "JSON",
        "documentState" : "VALID"
      }
    }
  }, {
    "objectGuid" : "0XuuHWWOlYbhBjyDXbgG2Q",
    "objectName" : "src",
    "objectType" : "Connection",
    "path" : "/SYS",
    "metadata" : {
      "modelVersion" : {
        "major" : 0,
        "minor" : 0
      },
      "repoInfo" : {
        "repoHandle" : "012R7Z0B000000000002"
      },
      "objectRefs" : [ "1eQD6ysVcmfg7tCKPuh9Kv" ],
      "contextAttributes" : [ {
        "name" : "id",
        "value" : "@1"
      } ],
      "additionalInfo" : {
        "description" : null,
        "contentType" : "JSON",
        "documentState" : "COMPLETE"
      }
    }
  }, {
    "objectGuid" : "0DhOP1bg4MMdNjOi4lcMCz",
    "objectName" : "Retail Org Data Migration",
    "objectType" : "Project",
    "path" : "/Explore",
    "metadata" : {
      "modelVersion" : {
        "major" : 0,
        "minor" : 0
      },
      "repoInfo" : null,
      "objectRefs" : [ ],
      "contextAttributes" : [ ],
      "additionalInfo" : {
        "description" : "",
        "contentType" : "Binary",
        "documentState" : "COMPLETE"
      }
    }
  }, {
    "objectGuid" : "5TiPFVyKLwajt4lfipe5kB",
    "objectName" : "Snowfake_Connection",
    "objectType" : "Connection",
    "path" : "/SYS",
    "metadata" : {
      "modelVersion" : {
        "major" : 0,
        "minor" : 0
      },
      "repoInfo" : {
        "repoHandle" : "012R7Z0B000000000006"
      },
      "objectRefs" : [ "1eQD6ysVcmfg7tCKPuh9Kv" ],
      "contextAttributes" : [ {
        "name" : "id",
        "value" : "@1"
      } ],
      "additionalInfo" : {
        "description" : null,
        "contentType" : "JSON",
        "documentState" : "COMPLETE"
      }
    }
  }, {
    "objectGuid" : "8d2y19KDCTUft63SjcLPOA",
    "objectName" : "2019_retail_etl",
    "objectType" : "MTT",
    "path" : "/Explore/Retail Org Data Migration/ETL",
    "metadata" : {
      "modelVersion" : {
        "major" : 0,
        "minor" : 0
      },
      "repoInfo" : {
        "repoHandle" : "012R7Z0Z00000000000A"
      },
      "objectRefs" : [ "1eQD6ysVcmfg7tCKPuh9Kv", "0XuuHWWOlYbhBjyDXbgG2Q", "5TiPFVyKLwajt4lfipe5kB", "5NCCGNJ7zWUh2EsdNxOHix" ],
      "contextAttributes" : [ {
        "name" : "id",
        "value" : "@1"
      } ],
      "additionalInfo" : {
        "description" : null,
        "contentType" : "JSON",
        "documentState" : "VALID"
      }
    }
  }, {
    "objectGuid" : "4lgYGBYFbJWgbF4E1XNocw",
    "objectName" : "ELT",
    "objectType" : "Folder",
    "path" : "/Explore/Retail Org Data Migration",
    "metadata" : {
      "modelVersion" : {
        "major" : 0,
        "minor" : 0
      },
      "repoInfo" : null,
      "objectRefs" : [ ],
      "contextAttributes" : [ ],
      "additionalInfo" : {
        "description" : "",
        "contentType" : "Binary",
        "documentState" : "COMPLETE"
      }
    }
  } ]
}